num;vin;pedal_position;speed;acceleration;rotation;on_roof;rotation_count;inpack_site;temperature;gforce
1;AIUEHV67756876;20;125;15.88;11.2569;;3;5.12;21.9;15
2;WVWZZZ1KZ6B049523;15;0;20;111.80140948635;1;0;111.80140948635;16;1.4539944979263
3;WVWZZZ1KZ6B049523;15;0;20;322.67896380737;1;0;322.67896380737;16;1.6289260265586
4;WVWZZZ1KZ6B049523;15;0;20;322.67896380737;1;0;322.67896380737;16;1.6289260265586
5;WVWZZZ1KZ6B049523;15;0;20;359.43829466743;1;3;5.12;21.9;15
6;fiit;336;125;15.88;11.2569;1;3;5.12;21.9;15
7;AIUEHV67756876;20;125;15.88;11.2569;;3;5.12;21.9;15
8;VHA63Q9AHUJAF763QUZG;20;125;15.88;11.2569;;3;5.12;21.9;15
9;fiit;336;125;15.88;11.2569;1;3;5.12;21.9;15
